Period 1,Period 4,Period 5,Period 6,Period 7
Student 1,Student 26,Student 50,Student 76,Student 101
Student 2,Student 27,Student 51,Student 77,Student 102
Student 3,Student 28,Student 52,Student 78,Student 103
Student 4,Student 29,Student 53,Student 79,Student 104
Student 5,Student 30,Student 54,Student 80,Student 105
Student 6,Student 31,Student 55,Student 81,Student 106
Student 7,Student 32,Student 56,Student 82,Student 107
Student 8,Student 33,Student 57,Student 83,Student 108
Student 9,Student 34,Student 58,Student 84,Student 109
Student 10,Student 35,Student 59,Student 85,Student 110
Student 11,Student 36,Student 60,Student 86,Student 111
Student 12,Student 37,Student 61,Student 87,Student 112
Student 13,Student 38,Student 62,Student 88,Student 113
Student 14,Student 39,Student 63,Student 89,Student 114
Student 15,Student 40,Student 64,Student 90,Student 115
Student 16,Student 41,Student 65,Student 91,Student 116
Student 17,Student 42,Student 66,Student 92,Student 117
Student 18,Student 43,Student 67,Student 93,Student 118
Student 19,Student 44,Student 68,Student 94,Student 119
Student 20,Student 45,Student 69,Student 95,Student 120
Student 21,Student 46,Student 70,Student 96,Student 121
Student 22,Student 47,Student 71,Student 97,Student 122
Student 23,Student 48,Student 72,Student 98,Student 123
Student 24,Student 49,Student 73,Student 99,Student 124
Student 25,,Student 74,Student 100,Student 125
,,Student 75,,Student 126
,,,,Student 127
